Gamma,Sig2,MSE,Nb repetitions
0.113383809262537,0.24262024310166,0.0257797066834817,10
