Hidden,Train MSE,Test MSE
100,0.0293810847720268,4.533952
