Hidden,p,Train MSE,Test MSE
50,20,0.0393771388024567,2.71909443937158
50,20,0.0511899472564303,11.5395809053581
50,20,0.0570278981707863,1.90284965234157
