Hidden,Lag,Test MSE
5,5,3.44833377650184
5,10,2.86953103352354
5,20,3.34396929595049
5,30,2.67978993966775
10,5,3.3933993730136
10,10,2.91009004639321
10,20,2.75422241503804
10,30,2.80450844730437
20,5,3.2706997546053
20,10,2.79692466343718
20,20,3.14217257294275
20,30,3.07287723653241
30,5,3.37925564008093
30,10,2.94844708027306
30,20,2.95166008575367
30,30,2.83073699682099
