Hidden,p,Train MSE,Test MSE
128,5,0.0342720522810553,22.9432382132464
128,5,0.0915841417204164,96.6955854393684
128,5,0.0179315143946801,217.244164808282
128,20,0.498511820967454,1.74161668939043
128,20,0.177142712783899,28.1758146104357
128,20,0.203590875955029,26.7178252866862
128,50,0.255170603518024,6.70460151128051
128,50,0.407740881560068,2.27986598367441
128,50,0.187463681768261,20.3540431737695
