Num layers,Num hidden,Train MSE,Val MSE,Test MSE
1,10,0.000167381870139104,0.000181016157812816,0.00019962663052812
1,20,7.84450155050673e-07,1.01733665021341e-06,1.46247758435232e-06
1,30,1.11532664280611e-07,1.88557252814763e-07,4.41741726687592e-07
2,10,3.13924229579866e-08,6.2966246637296e-08,8.2936931702396e-08
2,20,3.94984940682038e-10,4.45524522101341e-08,1.67151262373812e-07
2,30,1.45234804898816e-10,4.08222645753823e-08,4.36340004345773e-08
3,10,1.38462464696181e-09,3.07795034511923e-09,9.28174730025607e-09
3,20,1.51016819797367e-10,2.14935567064915e-08,1.90898343407741e-07
3,30,3.25033706719977e-08,5.93245263490024e-07,8.16609701015911e-07
