Num layers,Num hidden,Train MSE,Val MSE,Test MSE
3,10,3.15450788407346e-09,1.32492327442576e-08,1.55924824872038e-08
