Num layers,Num hidden,Train MSE,Val MSE,Test MSE
3,10,3.23358294303522e-09,1.3631739693356e-07,2.58704977964785e-08
