Gamma,Sig2,MSE,Nb repetitions
0.354869139552243,0.217380464986306,0.643685659739904,1
0.0883060814513759,0.217381370007121,0.0128812552084171,2
0.0883063167851705,0.217381412828799,0.0255726450608044,3
0.0883063167851705,0.217381478576642,0.0255726123621661,4
0.0883063167851705,0.217381478576642,0.025572605737106,5
