Subset,MSE
All,0.0206096658937614
"1, 2",0.011835347176672
"1, 3",0.0117985915029169
"2, 3",0.139801244926436
1,0.0101699897357811
2,0.140983030035568
3,0.139843685205966
